batch,question_number,question_id,verified_key,key_letter_changed,record_changed,correction,independent_solution,option_review,rendered_attempt,rendered_review,interaction_result,source_evidence,source_limit,local_status,release_status
1,1,mbb:set-2:original-001,C,False,True,Removed unsupported predeclared browser-validation metadata; scoped responsive table treatment.,C: Catchball resolves vertical and horizontal resource and means conflicts before commitments. Numeric targets and isolated charters do not resolve shared constraints.,Four distinct options and all three distractor rationales checked; one defensible best answer under stated case,Desktop1440x1000 and mobile390x844 individually opened; layout visually inspected,Reopened through real student review; chart/context retained; three distractors available,Selection retention and flag controls passed on both layouts; applicable slider/points/data fallback tested,Kubiak Ch1 pp9–10: catchball; current ASQ I.A,Evidence checks concern supporting concepts. An exhaustive recheck of every legacy printed page range/secondary citation is not certified.,Passed after corrections,Blocked: live authenticated/device acceptance and final source-range closure outstanding
1,2,mbb:set-2:original-002,A,False,True,Made approved-objective and nonmandatory-project assumptions visible.,"A: Map each approved objective to project CTQs and measurable contributions before ranking. Seniority, vague alignment, and an unstated margin-only priority are not the stated decision policy.",Four distinct options and all three distractor rationales checked; one defensible best answer under stated case,Desktop1440x1000 and mobile390x844 individually opened; layout visually inspected,Reopened through real student review; chart/context retained; three distractors available,Selection retention and flag controls passed on both layouts; applicable slider/points/data fallback tested,Kubiak pp23–27: strategic line of sight,Evidence checks concern supporting concepts. An exhaustive recheck of every legacy printed page range/secondary citation is not certified.,Passed after corrections,Blocked: live authenticated/device acceptance and final source-range closure outstanding
1,3,mbb:set-2:original-003,D,False,False,No record/content change required; shared review/interaction fixes apply.,"D: Address deployment maturity, sponsor capacity, common benefit definitions and independent Finance validation before training another cohort. More training or self-certification cannot cure governance defects.",Four distinct options and all three distractor rationales checked; one defensible best answer under stated case,Desktop1440x1000 and mobile390x844 individually opened; layout visually inspected,Reopened through real student review; chart/context retained; three distractors available,Selection retention and flag controls passed on both layouts; applicable slider/points/data fallback tested,Kubiak pp29–31: governance and resources,Evidence checks concern supporting concepts. An exhaustive recheck of every legacy printed page range/secondary citation is not certified.,Passed; shared UI corrected,Blocked: live authenticated/device acceptance and final source-range closure outstanding
1,4,mbb:set-2:original-004,B,False,False,No record/content change required; shared review/interaction fixes apply.,"B: Match DMADV to the new service, DMAIC to chronic defects and constraint-focused flow improvement to the limiting laboratory, under common governance.",Four distinct options and all three distractor rationales checked; one defensible best answer under stated case,Desktop1440x1000 and mobile390x844 individually opened; layout visually inspected,Reopened through real student review; chart/context retained; three distractors available,Selection retention and flag controls passed on both layouts; applicable slider/points/data fallback tested,Kubiak pp53–55: methodology selection,Evidence checks concern supporting concepts. An exhaustive recheck of every legacy printed page range/secondary citation is not certified.,Passed; shared UI corrected,Blocked: live authenticated/device acceptance and final source-range closure outstanding
1,5,mbb:set-2:original-005,A,False,True,"Defined additive NPV policy, readiness timing and one-month prerequisite task; separated exploratory slider from fixed answer; corrected rationale; Evaluate metadata.",A: Mandatory P1 plus P2 uses 3+4=7 BB-months and yields $0.4M+$1.5M=$1.9M. P1+P3+P5 uses all eight months but yields $1.8M. One separate scoping month fits; unavailable P4/P6 benefits cannot be credited.,Four distinct options and all three distractor rationales checked; one defensible best answer under stated case,Desktop1440x1000 and mobile390x844 individually opened; layout visually inspected,Reopened through real student review; chart/context retained; three distractors available,Selection retention and flag controls passed on both layouts; applicable slider/points/data fallback tested,Kubiak pp98–99: project selection/pipeline; own complete enumeration,Evidence checks concern supporting concepts. An exhaustive recheck of every legacy printed page range/secondary citation is not certified.,Passed after corrections,Blocked: live authenticated/device acceptance and final source-range closure outstanding
1,6,mbb:set-2:original-006,D,False,True,Removed causal overclaim from timing; required testing the end-to-end mechanism.,D: Test the suspected feedback mechanism and total-system outcome. The timing and percentages do not alone establish causation; local handle-time optimization may move rather than remove work.,Four distinct options and all three distractor rationales checked; one defensible best answer under stated case,Desktop1440x1000 and mobile390x844 individually opened; layout visually inspected,Reopened through real student review; chart/context retained; three distractors available,Selection retention and flag controls passed on both layouts; applicable slider/points/data fallback tested,Kubiak pp100–101: systems interdependence,Evidence checks concern supporting concepts. An exhaustive recheck of every legacy printed page range/secondary citation is not certified.,Passed after corrections,Blocked: live authenticated/device acceptance and final source-range closure outstanding
1,7,mbb:set-2:original-007,B,False,False,No record/content change required; shared review/interaction fixes apply.,"B: Executives retain ownership of resources, benefit governance and consistent deployment messages. MBB technical coaching complements rather than replaces these responsibilities.",Four distinct options and all three distractor rationales checked; one defensible best answer under stated case,Desktop1440x1000 and mobile390x844 individually opened; layout visually inspected,Reopened through real student review; chart/context retained; three distractors available,Selection retention and flag controls passed on both layouts; applicable slider/points/data fallback tested,Kubiak pp183–184: executive resource/priorities ownership,Evidence checks concern supporting concepts. An exhaustive recheck of every legacy printed page range/secondary citation is not certified.,Passed; shared UI corrected,Blocked: live authenticated/device acceptance and final source-range closure outstanding
1,8,mbb:set-2:original-008,C,False,False,No record/content change required; shared review/interaction fixes apply.,"C: Start with private diagnosis, relevant evidence, bounded co-designed pilot and safe operator input. Forced compliance or bypassing the respected manager does not build valid commitment.",Four distinct options and all three distractor rationales checked; one defensible best answer under stated case,Desktop1440x1000 and mobile390x844 individually opened; layout visually inspected,Reopened through real student review; chart/context retained; three distractors available,Selection retention and flag controls passed on both layouts; applicable slider/points/data fallback tested,Kubiak pp172–173: situational/intervention styles,Evidence checks concern supporting concepts. An exhaustive recheck of every legacy printed page range/secondary citation is not certified.,Passed; shared UI corrected,Blocked: live authenticated/device acceptance and final source-range closure outstanding
1,9,mbb:set-2:original-009,A,False,True,Replaced near-equivalent distractor D with a distinct contradictory-incentive action.,"A: Align incentives and appraisal with first-contact resolution and total customer effort. Additional training, hidden metrics or a new manager target leave the conflicting employee bonus intact.",Four distinct options and all three distractor rationales checked; one defensible best answer under stated case,Desktop1440x1000 and mobile390x844 individually opened; layout visually inspected,Reopened through real student review; chart/context retained; three distractors available,Selection retention and flag controls passed on both layouts; applicable slider/points/data fallback tested,Kubiak pp108–109: integrated rewards and aligned behavior,Evidence checks concern supporting concepts. An exhaustive recheck of every legacy printed page range/secondary citation is not certified.,Passed after corrections,Blocked: live authenticated/device acceptance and final source-range closure outstanding
1,10,mbb:set-2:original-010,D,False,False,No record/content change required; shared review/interaction fixes apply.,D: Margin rose two percentage points while customer/process measures deteriorated. Investigate causal links and balanced leading/lagging measures; do not average unrelated percentages or infer sustainability from margin alone.,Four distinct options and all three distractor rationales checked; one defensible best answer under stated case,Desktop1440x1000 and mobile390x844 individually opened; layout visually inspected,Reopened through real student review; chart/context retained; three distractors available,Selection retention and flag controls passed on both layouts; applicable slider/points/data fallback tested,Kubiak pp137–138: balanced scorecard perspectives,Evidence checks concern supporting concepts. An exhaustive recheck of every legacy printed page range/secondary citation is not certified.,Passed; shared UI corrected,Blocked: live authenticated/device acceptance and final source-range closure outstanding
1,11,mbb:set-2:original-011,B,False,True,Made the case-specific mandatory validation assumption visible.,"B: Under the explicitly approved validation requirement, assess risk/scope/time/cost through change control and rebaseline. FMEA and sponsor schedule preference cannot replace the required validation.",Four distinct options and all three distractor rationales checked; one defensible best answer under stated case,Desktop1440x1000 and mobile390x844 individually opened; layout visually inspected,Reopened through real student review; chart/context retained; three distractors available,Selection retention and flag controls passed on both layouts; applicable slider/points/data fallback tested,Kubiak pp202–204: balancing project scope/resources/time/quality; validation requirement is authored case fact,Evidence checks concern supporting concepts. An exhaustive recheck of every legacy printed page range/secondary citation is not certified.,Passed after corrections,Blocked: live authenticated/device acceptance and final source-range closure outstanding
1,12,mbb:set-2:original-012,C,False,True,Removed unsupported validation metadata; preserved readable network labels on mobile.,"C: A-B-D-E=30+40+25+15=110 working days; A-C-D-E=105. The longest path governs, and C has five days of float. All five projects cannot start on day 1 despite unlimited nonshared resources.",Four distinct options and all three distractor rationales checked; one defensible best answer under stated case,Desktop1440x1000 and mobile390x844 individually opened; layout visually inspected,Reopened through real student review; chart/context retained; three distractors available,Selection retention and flag controls passed on both layouts; applicable slider/points/data fallback tested,Kubiak pp197–198: predecessor–successor relationships; own critical-path calculation,Evidence checks concern supporting concepts. An exhaustive recheck of every legacy printed page range/secondary citation is not certified.,Passed after corrections,Blocked: live authenticated/device acceptance and final source-range closure outstanding
1,13,mbb:set-2:original-013,A,False,True,Classified selected-response task as Evaluate rather than Create.,A: Peak demand 13 minus capacity 9 is a four-FTE shortfall. Protect the three mandatory FTEs and smooth/defer lower-priority discretionary work; averages and unverified overtime do not solve the peak.,Four distinct options and all three distractor rationales checked; one defensible best answer under stated case,Desktop1440x1000 and mobile390x844 individually opened; layout visually inspected,Reopened through real student review; chart/context retained; three distractors available,Selection retention and flag controls passed on both layouts; applicable slider/points/data fallback tested,Kubiak pp217–218: resource forecasting,Evidence checks concern supporting concepts. An exhaustive recheck of every legacy printed page range/secondary citation is not certified.,Passed after corrections,Blocked: live authenticated/device acceptance and final source-range closure outstanding
1,14,mbb:set-2:original-014,D,False,True,"Separated conditional capacity value from supported cash NPV; specified cash timing and exclusions; rewrote all options, rationale and calculation.","D: Four-year 10% factor=3.1698654463. X conditional discounted capacity value=$97,370.40, not a supported cash inflow. Y supported cash NPV=$91,329.14. With only its outlay supported, X cash-only NPV=-$600,000.",Four distinct options and all three distractor rationales checked; one defensible best answer under stated case,Desktop1440x1000 and mobile390x844 individually opened; layout visually inspected,Reopened through real student review; chart/context retained; three distractors available,Selection retention and flag controls passed on both layouts; applicable slider/points/data fallback tested,Kubiak pp227–228 and231–232: cash versus soft benefits; own discounted-flow calculation,Evidence checks concern supporting concepts. An exhaustive recheck of every legacy printed page range/secondary citation is not certified.,Passed after corrections,Blocked: live authenticated/device acceptance and final source-range closure outstanding
1,15,mbb:set-2:original-015,B,False,True,Removed unsupported 120-hour feasibility constraint; clarified priority selection and ordinal scale limitations.,"B: Prioritize high-impact Green Belt MSA and Champion selection gaps, then targeted Black Belt remediation. Process Owners meet the requirement. Ordinal proficiency is not a validated interval scale; durations are needed before scheduling feasibility can be claimed.",Four distinct options and all three distractor rationales checked; one defensible best answer under stated case,Desktop1440x1000 and mobile390x844 individually opened; layout visually inspected,Reopened through real student review; chart/context retained; three distractors available,Selection retention and flag controls passed on both layouts; applicable slider/points/data fallback tested,Kubiak pp236–237: role-specific training gaps,Evidence checks concern supporting concepts. An exhaustive recheck of every legacy printed page range/secondary citation is not certified.,Passed after corrections,Blocked: live authenticated/device acceptance and final source-range closure outstanding
1,16,mbb:set-2:original-016,C,False,True,Corrected reaction-improvement claim; added descriptive comparison calculation and attribution limits; Evaluate classification.,"C: Knowledge increases 30 percentage points; adherence increases two points in both areas, giving descriptive difference-in-differences zero. Favorable reaction is not evidence of increased reaction. Short nonrandomized observation neither proves attributable benefit nor proves no effect.",Four distinct options and all three distractor rationales checked; one defensible best answer under stated case,Desktop1440x1000 and mobile390x844 individually opened; layout visually inspected,Reopened through real student review; chart/context retained; three distractors available,Selection retention and flag controls passed on both layouts; applicable slider/points/data fallback tested,Kubiak pp285–286: training evaluation levels; own descriptive difference-in-differences,Evidence checks concern supporting concepts. An exhaustive recheck of every legacy printed page range/secondary citation is not certified.,Passed after corrections,Blocked: live authenticated/device acceptance and final source-range closure outstanding
1,17,mbb:set-2:original-017,A,False,False,No record/content change required; shared review/interaction fixes apply.,"A: Provide private, specific constructive coaching, rehearse role-appropriate tollgate questions and follow up. Public humiliation, pushing the Belt to confront the champion, and immediate removal are inappropriate first responses to the described situation.",Four distinct options and all three distractor rationales checked; one defensible best answer under stated case,Desktop1440x1000 and mobile390x844 individually opened; layout visually inspected,Reopened through real student review; chart/context retained; three distractors available,Selection retention and flag controls passed on both layouts; applicable slider/points/data fallback tested,Kubiak pp304–305: tactful constructive executive feedback,Evidence checks concern supporting concepts. An exhaustive recheck of every legacy printed page range/secondary citation is not certified.,Passed; shared UI corrected,Blocked: live authenticated/device acceptance and final source-range closure outstanding
1,18,mbb:set-2:original-018,D,False,True,Evaluate classification and select wording instead of claiming a created plan.,"D: Pause the large DOE, diagnose and narrow scope, secure sponsor/process ownership, validate the baseline and set a recovery/reassignment gate. More hours, delegation or experimental complexity do not repair the missing prerequisites.",Four distinct options and all three distractor rationales checked; one defensible best answer under stated case,Desktop1440x1000 and mobile390x844 individually opened; layout visually inspected,Reopened through real student review; chart/context retained; three distractors available,Selection retention and flag controls passed on both layouts; applicable slider/points/data fallback tested,"Kubiak p306: mentoring, cancel/reassign; pp300–301: rescope unwieldy charters",Evidence checks concern supporting concepts. An exhaustive recheck of every legacy printed page range/secondary citation is not certified.,Passed after corrections,Blocked: live authenticated/device acceptance and final source-range closure outstanding
1,19,mbb:set-2:original-019,B,False,True,Corrected approximate/exact propagation description and units; retained standard-uncertainty answer.,"B: t=(508-492)/2=8 mm; Var(t)=0.5^2*0.040^2+(-0.5)^2*0.060^2=0.0013 mm^2. Standard uncertainty=sqrt(0.0013)=0.0360555 mm. Linear propagation is exact under independence, not expanded uncertainty.",Four distinct options and all three distractor rationales checked; one defensible best answer under stated case,Desktop1440x1000 and mobile390x844 individually opened; layout visually inspected,Reopened through real student review; chart/context retained; three distractors available,Selection retention and flag controls passed on both layouts; applicable slider/points/data fallback tested,Kubiak p318: noise propagation; NIST TN1297 AppendixA; own exact linear variance calculation,Evidence checks concern supporting concepts. An exhaustive recheck of every legacy printed page range/secondary citation is not certified.,Passed after corrections,Blocked: live authenticated/device acceptance and final source-range closure outstanding
1,20,mbb:set-2:original-020,A,False,True,Made partial-model diagnostic excerpt and independence explicit; readable interactive plot and data alternative.,"A: The displayed U-shaped conditional residual pattern suggests omitted curvature/model form. Low VIF and an acceptable normal-probability plot do not establish predictive adequacy. These nine points are explicitly an excerpt, not the complete fitting sample.",Four distinct options and all three distractor rationales checked; one defensible best answer under stated case,Desktop1440x1000 and mobile390x844 individually opened; layout visually inspected,Reopened through real student review; chart/context retained; three distractors available,Selection retention and flag controls passed on both layouts; applicable slider/points/data fallback tested,Kubiak pp400–401: residual diagnostics; U-shaped pattern independently interpreted,Evidence checks concern supporting concepts. An exhaustive recheck of every legacy printed page range/secondary citation is not certified.,Passed after corrections,Blocked: live authenticated/device acceptance and final source-range closure outstanding
1,21,mbb:set-2:original-021,C,False,True,Separated stability and capability in keyed option and explanation; distinguished control and specification limits.,C: APC regulates rapidly; SPC assesses stability. Capability is a separate comparison with CTQ specifications using an appropriate stable-process model. Controller activity and in-control charts do not prove capability.,Four distinct options and all three distractor rationales checked; one defensible best answer under stated case,Desktop1440x1000 and mobile390x844 individually opened; layout visually inspected,Reopened through real student review; chart/context retained; three distractors available,Selection retention and flag controls passed on both layouts; applicable slider/points/data fallback tested,Kubiak pp451–452: APC/SPC; NIST6.1.6: capability relative to specifications,Evidence checks concern supporting concepts. An exhaustive recheck of every legacy printed page range/secondary citation is not certified.,Passed after corrections,Blocked: live authenticated/device acceptance and final source-range closure outstanding
1,22,mbb:set-2:original-022,B,False,True,"Replaced unreplicated illustrative schedule with complete 16-run/four-whole-plot design, units and randomization structure.","B: Four independent oven whole plots (two per temperature), each with four randomized formulations, give 16 subplot runs. Whole-plot temperature error differs from subplot error. For this unblocked design: temperature df1, whole-plot error df2, formulation df3, interaction df3, subplot error df6; total15.",Four distinct options and all three distractor rationales checked; one defensible best answer under stated case,Desktop1440x1000 and mobile390x844 individually opened; layout visually inspected,Reopened through real student review; chart/context retained; three distractors available,Selection retention and flag controls passed on both layouts; applicable slider/points/data fallback tested,Kubiak p449 and NIST5.5.5: split-plot experimental units/errors; own replication/df checks,Evidence checks concern supporting concepts. An exhaustive recheck of every legacy printed page range/secondary citation is not certified.,Passed after corrections,Blocked: live authenticated/device acceptance and final source-range closure outstanding
1,23,mbb:set-2:original-023,D,False,True,Recomputed ACF0.78 to0.8170927; added short-history/trend cautions; retained raw backlog monitoring; usable interactive plot.,"D: From all 18 plotted observations, mean=122.8888889, lag numerator=3116.20987654 and denominator=3813.77777778, giving r1=0.8170926724. A trending short series is not a stationary AR(1) fit. Investigate the trend and validate adequate history/model while retaining raw backlog monitoring.",Four distinct options and all three distractor rationales checked; one defensible best answer under stated case,Desktop1440x1000 and mobile390x844 individually opened; layout visually inspected,Reopened through real student review; chart/context retained; three distractors available,Selection retention and flag controls passed on both layouts; applicable slider/points/data fallback tested,Kubiak pp353–354 and NIST1.3.5.12: stationarity/ACF; own complete calculation,Evidence checks concern supporting concepts. An exhaustive recheck of every legacy printed page range/secondary citation is not certified.,Passed after corrections,Blocked: live authenticated/device acceptance and final source-range closure outstanding
1,24,mbb:set-2:original-024,A,False,True,"Specified event coding, ten-minute units and two-sided Wald test; changed causal to associational interpretation.","A: For abandonment=1, exp(0.42)=1.5219616 per ten minutes, holding other predictors fixed. New-agent z=0.18/0.21=0.85714 gives two-sided normal-Wald p=0.39137. Association is not causation; odds are not probability points.",Four distinct options and all three distractor rationales checked; one defensible best answer under stated case,Desktop1440x1000 and mobile390x844 individually opened; layout visually inspected,Reopened through real student review; chart/context retained; three distractors available,Selection retention and flag controls passed on both layouts; applicable slider/points/data fallback tested,Kubiak pp384–385: logistic link/odds; own exp(coefficient)/Wald calculation,Evidence checks concern supporting concepts. An exhaustive recheck of every legacy printed page range/secondary citation is not certified.,Passed after corrections,Blocked: live authenticated/device acceptance and final source-range closure outstanding
1,25,mbb:set-2:original-025,C,False,True,Specified MPa/MPa² and independent variance assumptions; fixed distractor on additivity; expanded 4.65% versus20% explanation.,"C: Independent variances add to22 MPa^2. Removing repeatability leaves20. SD falls from4.690416 to4.472136 MPa, a4.653741% reduction. A20% SD reduction requires36% variance reduction; subtracting variance directly from SD mixes units.",Four distinct options and all three distractor rationales checked; one defensible best answer under stated case,Desktop1440x1000 and mobile390x844 individually opened; layout visually inspected,Reopened through real student review; chart/context retained; three distractors available,Selection retention and flag controls passed on both layouts; applicable slider/points/data fallback tested,NIST5.5.5: nested random effects/variance components; own independent variance algebra. Kubiak pp408–414 primary page text and Advanced second-source range not fully verified.,Evidence checks concern supporting concepts. An exhaustive recheck of every legacy printed page range/secondary citation is not certified.,Passed after corrections,Blocked: live authenticated/device acceptance and final source-range closure outstanding
