"Sample_no","Heat_no","Orientation","Energy_J","Replicate"
"001","CH-H3","LPA","73","2"
"003","CH-H1"," lpa ","54","1"
"005","CH-H4","LPA","51","2"
"003","CH-H3"," twa ","57","1"
"003","CH-H2"," lpa ","36","1"
"005","CH-H3","TWA","94","2"
"003","CH-H3","LPA","62","2"
"004","CH-H4"," twa ","70","1"
"002","CH-H1","TWA","33","2"
"005","CH-H1"," lpa ","69","1"
"003","CH-H1","TWA","66","2"
"002","CH-H3"," twa ","53","1"
"002","CH-H4"," lpa ","50","1"
"004","CH-H4"," lpa ","75","1"
"002","CH-H3","TWA","75","2"
"001","CH-H4","TWA","80","2"
"005","CH-H4"," twa ","65","1"
"002","CH-H4"," twa ","77","1"
"002","CH-H3"," lpa ","71","1"
"001","CH-H3"," twa ","63","1"
"001","CH-H4","LPA","24","2"
"005","CH-H3"," lpa ","40","1"
"004","CH-H3"," lpa ","29","1"
"002","CH-H4","LPA","65","2"
"005","CH-H2","TWA","44","2"
"002","CH-H2","LPA","35","2"
"005","CH-H4","TWA","65","2"
"004","CH-H1","LPA","33","2"
"004","CH-H1"," twa ","69","1"
"005","CH-H1"," twa ","31","1"
"004","CH-H2"," lpa ","73","1"
"003","CH-H4","TWA","85","2"
"004","CH-H3"," twa ","23","1"
"004","CH-H2","LPA","22","2"
"001","CH-H4"," lpa ","33","1"
"003","CH-H1"," twa ","29","1"
"001","CH-H1"," lpa ","87","1"
"004","CH-H3","LPA","68","2"
"003","CH-H1","LPA","60","2"
"005","CH-H4"," lpa ","72","1"
"002","CH-H2","TWA","27","2"
"003","CH-H3"," lpa ","81","1"
"005","CH-H2"," twa ","95","1"
"001","CH-H2","LPA","81","2"
"003","CH-H2","TWA","41","2"
"003","CH-H2"," twa ","69","1"
"001","CH-H3"," lpa ","0","1"
"005","CH-H3"," twa ","79","1"
"002","CH-H1"," lpa ","32","1"
"003","CH-H4"," lpa ","69","1"
"002","CH-H1"," twa ","50","1"
"004","CH-H1"," lpa ","77","1"
"003","CH-H4","LPA","78","2"
"004","CH-H4","TWA","35","2"
"001","CH-H1"," twa ","","1"
"001","CH-H3","TWA","94","2"
"001","CH-H4"," twa ","79","1"
"005","CH-H1","TWA","60","2"
"001","CH-H1","LPA","30","2"
"004","CH-H4","LPA","63","2"
"004","CH-H1","TWA","29","2"
"001","CH-H2"," lpa ","53","1"
"005","CH-H1","LPA","61","2"
"003","CH-H2","LPA","65","2"
"002","CH-H1","LPA","69","2"
"002","CH-H2"," twa ","85","1"
"005","CH-H2"," lpa ","88","1"
"004","CH-H3","TWA","76","2"
"004","CH-H2","TWA","52","2"
"002","CH-H2"," lpa ","33","1"
"003","CH-H3","TWA","48","2"
"005","CH-H2","LPA","57","2"
"003","CH-H4"," twa ","75","1"
"001","CH-H2"," twa ","","1"
"004","CH-H2"," twa ","46","1"
"002","CH-H4","TWA","86","2"
"001","CH-H2","TWA","72","2"
"005","CH-H3","LPA","77","2"
"001","CH-H1","TWA","","2"
"002","CH-H3","LPA","34","2"

"Fictitious data for training purposes."
