"Shipment_no","Order_no","Shipped_units"
"QS-1","QV-001","5"
"QS-2","QV-002","25"
"QS-3","QV-003","37"
"QS-4","QV-004","12"
"QS-5","QV-005","46"
"QS-6","QV-006","38"
"QS-7","QV-007","17"
"QS-8","QV-008","20"
"QS-9","QV-009","35"
"QS-10","QV-010","31"
"QS-11","QV-011","46"
"QS-12","QV-012","19"
"QS-13","QV-013","30"
"QS-14","QV-014","50"
"QS-15","QV-015","56"
"QS-16","QV-016","28"
"QS-17","QV-017","59"
"QS-18","QV-018","29"
"QS-19","QV-019","37"
"QS-20","QV-020","12"
"QS-21","QV-021","59"
"QS-22","QV-022","51"
"QS-23","QV-023","12"
"QS-24","QV-024","19"
"QS-25","QV-025","39"
"QS-26","QV-026","21"
"QS-27","QV-027","47"
"QS-28","QV-028","31"
"QS-29","QV-029","41"
"QS-30","QV-030","29"
"QS-31","QV-031","16"
"QS-32","QV-032","13"
"QS-33","QV-033","34"
"QS-34","QV-034","64"
"QS-35","QV-035","23"
"QS-36","QV-036","50"
"QS-37","QV-037","42"
"QS-38","QV-038","42"
"QS-39","QV-039","14"
"QS-40","QV-040","66"
"QS-41","QV-003","2"
"QS-42","QV-004","6"
"QS-43","QV-008","8"
"QS-44","QV-999","11"
"QS-45","QV-998","7"

"Fictitious data for training purposes."
