"Sales_line","Region","Channel","Category","Units","Revenue_CAD"
"AS-3101","Cove","Wholesale","Supplies","31","567.87"
"AS-3102","Vale","Retail","Supplies","27","318.61"
"AS-3103","Cove","Retail","Fixtures","32","376.01"
"AS-3104","Vale","Wholesale","Fixtures","14","763.1"
"AS-3105","Cove","Retail","Supplies","31","1269.75"
"AS-3106","Vale","Retail","Supplies","10","502.26"
"AS-3107","Cove","Wholesale","Fixtures","5","766.09"
"AS-3108","Vale","Retail","Fixtures","28","569.06"
"AS-3109","Cove","Retail","Supplies","21","1064.13"
"AS-3110","Vale","Wholesale","Supplies","8","847.92"
"AS-3111","Cove","Retail","Fixtures","23","1252.39"
"AS-3112","Vale","Retail","Fixtures","3","915.53"
"AS-3113","Cove","Wholesale","Supplies","23","552.23"
"AS-3114","Vale","Retail","Supplies","11","471.63"
"AS-3115","Cove","Retail","Fixtures","9","1161.39"
"AS-3116","Vale","Wholesale","Fixtures","17","1086.31"
"AS-3117","Cove","Retail","Supplies","11","886.64"
"AS-3118","Vale","Retail","Supplies","27","915.28"
"AS-3119","Cove","Wholesale","Fixtures","6","1179.67"
"AS-3120","Vale","Retail","Fixtures","28","359.9"
"AS-3121","Cove","Retail","Supplies","22","615.26"
"AS-3122","Vale","Wholesale","Supplies","30","573.32"
"AS-3123","Cove","Retail","Fixtures","5","1375.89"
"AS-3124","Vale","Retail","Fixtures","7","439.38"
"AS-3125","Cove","Wholesale","Supplies","20","731.53"
"AS-3126","Vale","Retail","Supplies","6","575.85"

"Fictitious data for training purposes."
