"SKU","Warehouse","Stock_units","Unit_cost_CAD"
"SV-7","B","69","11.72"
"SV-8","B","70","11.97"
"SV-9","B","169","9.78"
"SV-10","B","40","13.07"
"SV-11","B","186","6.99"
"SV-12","B","192","9.97"
"SV-13","B","57","2.65"
"","B","171","8.16"
"SV-15","B","163","17.34"
"SV-16","B","154","10.26"
"SV-17","B","30","14.72"
"SV-18","B","147","18.66"
"SV-19","B","134","9.01"
"SV-20","B","178","11.7"
"SV-21","B","200","6.38"
"SV-22","B","141","14.56"
"SV-23","B","84","4.4"
"SV-24","B","75","3.38"
"SV-25","B","50","8.71"
"SV-7","B","42","7.53"
"SV-8","B","124","13.7"
"SV-9","B","143","5.78"
"SV-10","B","164","15.7"
"SV-11","B","99","6.42"
"SV-12","B","68","13.77"
"SV-13","B","57","16.32"
"SV-14","B","90","7.81"
"SV-15","B","73","11.7"
"SV-16","B","70","7.93"
"SV-17","B","137","10.56"
"SV-18","B","92","5.94"
"SV-19","B","82","15.02"
"SV-20","B","58","15.35"
"SV-21","B","84","15.88"
"SV-22","B","92","4.66"
"SV-23","B","126","4.18"
"SV-24","B","36","6.88"
"SV-25","B","101","5.59"
"SV-7","B","37","3.07"
"SV-8","B","71","6.83"

"Fictitious data for training purposes."
