Pipe_ID,Line,Shift,Position,Wall_mm
P001,A,Day,Leading,9.47
P002,A,Day,Leading,9.48
P003,A,Day,Leading,9.49
P004,A,Day,Leading,9.5
P005,A,Day,Leading,9.51
P006,A,Day,Middle,9.51
P007,A,Day,Middle,9.52
P008,A,Day,Middle,9.53
P009,A,Day,Middle,9.54
P010,A,Day,Middle,9.55
P011,A,Day,Trailing,9.55
P012,A,Day,Trailing,9.56
P013,A,Day,Trailing,9.57
P014,A,Day,Trailing,9.58
P015,A,Day,Trailing,9.59
P016,A,Night,Leading,9.48
P017,A,Night,Leading,9.49
P018,A,Night,Leading,9.5
P019,A,Night,Leading,9.51
P020,A,Night,Leading,9.52
P021,A,Night,Middle,9.52
P022,A,Night,Middle,9.53
P023,A,Night,Middle,9.54
P024,A,Night,Middle,9.55
P025,A,Night,Middle,9.56
P026,A,Night,Trailing,9.56
P027,A,Night,Trailing,9.57
P028,A,Night,Trailing,9.58
P029,A,Night,Trailing,9.59
P030,A,Night,Trailing,9.6
P031,B,Day,Leading,9.48
P032,B,Day,Leading,9.5
P033,B,Day,Leading,9.52
P034,B,Day,Leading,9.54
P035,B,Day,Leading,9.56
P036,B,Day,Middle,9.52
P037,B,Day,Middle,9.54
P038,B,Day,Middle,9.56
P039,B,Day,Middle,9.58
P040,B,Day,Middle,9.6
P041,B,Day,Trailing,9.56
P042,B,Day,Trailing,9.58
P043,B,Day,Trailing,9.6
P044,B,Day,Trailing,9.62
P045,B,Day,Trailing,9.64
P046,B,Night,Leading,9.6
P047,B,Night,Leading,9.64
P048,B,Night,Leading,9.68
P049,B,Night,Leading,9.72
P050,B,Night,Leading,9.76
P051,B,Night,Middle,9.64
P052,B,Night,Middle,9.68
P053,B,Night,Middle,9.72
P054,B,Night,Middle,9.76
P055,B,Night,Middle,9.8
P056,B,Night,Trailing,9.68
P057,B,Night,Trailing,9.72
P058,B,Night,Trailing,9.76
P059,B,Night,Trailing,9.8
P060,B,Night,Trailing,9.84
