"Event_no","Shift","Cause","Downtime_min"
"DY1-1","Day","Setup","39"
"DY1-2","Night","Repair","20"
"DY1-3","Day","Repair",""
"DY1-4","Night","Setup","60"
"DY1-5","Day","Repair","73"
"DY1-6","Night","Repair","56"
"DY1-7","Day","Setup","0"
"DY1-8","Night","Repair","29"
"DY1-9","Day","Repair","13"
"DY1-10","Night","Setup","66"
"DY1-11","Day","Repair","51"
"DY1-12","Night","Repair","54"
"DY1-13","Day","Setup","63"
"DY1-14","Night","Repair","16"
"DY1-15","Day","Repair","67"
"DY1-16","Night","Setup","32"
"DY1-17","Day","Repair","12"
"DY1-18","Night","Repair","32"
"DY1-19","Day","Setup","87"
"DY1-20","Night","Repair","52"
